Date,Zone,Danger Rating
Apr 15 2023,Mt Hood,MODERATE
Apr 15 2023,East Slopes South,LOW
Apr 15 2023,East Slopes North,MODERATE
Apr 15 2023,West Slopes South,MODERATE
Apr 15 2023,Snoqualmie Pass,MODERATE
Apr 15 2023,East Slopes Central,LOW
Apr 15 2023,West Slopes Central,MODERATE
Apr 15 2023,West Slopes North,CONSIDERABLE
Apr 15 2023,Stevens Pass,LOW
Apr 14 2023,East Slopes Central,LOW
Apr 14 2023,West Slopes South,LOW
Apr 14 2023,Snoqualmie Pass,LOW
Apr 14 2023,West Slopes Central,MODERATE
Apr 14 2023,Mt Hood,LOW
Apr 14 2023,West Slopes North,MODERATE
Apr 14 2023,East Slopes South,LOW
Apr 14 2023,East Slopes North,LOW
Apr 14 2023,Stevens Pass,LOW
Apr 13 2023,West Slopes Central,MODERATE
Apr 13 2023,West Slopes North,MODERATE
Apr 13 2023,West Slopes North,MODERATE
Apr 13 2023,Stevens Pass,MODERATE
Apr 13 2023,Mt Hood,MODERATE
Apr 13 2023,Snoqualmie Pass,MODERATE
Apr 13 2023,East Slopes South,MODERATE
Apr 13 2023,East Slopes Central,MODERATE
Apr 13 2023,West Slopes South,MODERATE
Apr 12 2023,West Slopes Central,MODERATE
Apr 12 2023,West Slopes North,MODERATE
Apr 12 2023,Snoqualmie Pass,MODERATE
Apr 12 2023,West Slopes South,MODERATE
Apr 12 2023,Mt Hood,MODERATE
Apr 12 2023,East Slopes North,MODERATE
Apr 12 2023,East Slopes North,MODERATE
Apr 12 2023,Stevens Pass,MODERATE
Apr 12 2023,East Slopes Central,MODERATE
Apr 12 2023,East Slopes South,MODERATE
Apr 12 2023,Mt Hood,CONSIDERABLE
Apr 11 2023,Stevens Pass,MODERATE
Apr 11 2023,Snoqualmie Pass,MODERATE
Apr 11 2023,West Slopes South,MODERATE
Apr 11 2023,Mt Hood,MODERATE
Apr 11 2023,East Slopes North,MODERATE
Apr 11 2023,West Slopes North,MODERATE
Apr 11 2023,West Slopes Central,MODERATE
Apr 11 2023,East Slopes Central,MODERATE
Apr 11 2023,East Slopes South,MODERATE
Apr 10 2023,Snoqualmie Pass,MODERATE
Apr 10 2023,Mt Hood,CONSIDERABLE
Apr 10 2023,Stevens Pass,MODERATE
Apr 10 2023,West Slopes North,MODERATE
Apr 10 2023,West Slopes Central,MODERATE
Apr 10 2023,East Slopes South,MODERATE
Apr 10 2023,East Slopes Central,MODERATE
Apr 10 2023,East Slopes North,MODERATE
Apr 10 2023,West Slopes South,MODERATE
Apr 9 2023,Mt Hood,CONSIDERABLE
Apr 9 2023,West Slopes Central,CONSIDERABLE
Apr 9 2023,West Slopes South,CONSIDERABLE
Apr 9 2023,East Slopes South,CONSIDERABLE
Apr 9 2023,Snoqualmie Pass,CONSIDERABLE
Apr 9 2023,Stevens Pass,CONSIDERABLE
Apr 9 2023,East Slopes North,CONSIDERABLE
Apr 9 2023,East Slopes Central,CONSIDERABLE
Apr 9 2023,West Slopes North,CONSIDERABLE
Apr 8 2023,Mt Hood,CONSIDERABLE
Apr 8 2023,East Slopes South,CONSIDERABLE
Apr 8 2023,East Slopes North,CONSIDERABLE
Apr 8 2023,Snoqualmie Pass,HIGH
Apr 8 2023,West Slopes South,HIGH
Apr 8 2023,West Slopes Central,HIGH
Apr 8 2023,West Slopes North,HIGH
Apr 8 2023,East Slopes Central,CONSIDERABLE
Apr 8 2023,Stevens Pass,CONSIDERABLE
Apr 7 2023,Mt Hood,MODERATE
Apr 7 2023,East Slopes South,MODERATE
Apr 7 2023,West Slopes South,MODERATE
Apr 7 2023,Snoqualmie Pass,CONSIDERABLE
Apr 7 2023,West Slopes Central,MODERATE
Apr 7 2023,Stevens Pass,MODERATE
Apr 7 2023,East Slopes North,CONSIDERABLE
Apr 7 2023,West Slopes North,MODERATE
Apr 7 2023,East Slopes Central,HIGH
Apr 7 2023,East Slopes South,CONSIDERABLE
Apr 6 2023,East Slopes Central,CONSIDERABLE
Apr 6 2023,Stevens Pass,MODERATE
Apr 6 2023,East Slopes South,CONSIDERABLE
Apr 6 2023,West Slopes South,CONSIDERABLE
Apr 6 2023,Snoqualmie Pass,MODERATE
Apr 6 2023,West Slopes Central,CONSIDERABLE
Apr 6 2023,Mt Hood,CONSIDERABLE
Apr 6 2023,West Slopes North,CONSIDERABLE
Apr 6 2023,East Slopes North,CONSIDERABLE
Apr 6 2023,Mt Hood,CONSIDERABLE
Apr 6 2023,West Slopes North,HIGH
Apr 5 2023,East Slopes South,MODERATE
Apr 5 2023,East Slopes Central,MODERATE
Apr 5 2023,West Slopes North,CONSIDERABLE
Apr 5 2023,West Slopes South,CONSIDERABLE
Apr 5 2023,Snoqualmie Pass,MODERATE
Apr 5 2023,East Slopes North,MODERATE
Apr 5 2023,Mt Hood,MODERATE
Apr 5 2023,Stevens Pass,MODERATE
Apr 5 2023,West Slopes Central,MODERATE
Apr 4 2023,East Slopes North,MODERATE
Apr 4 2023,Stevens Pass,MODERATE
Apr 4 2023,Snoqualmie Pass,MODERATE
Apr 4 2023,West Slopes South,MODERATE
Apr 4 2023,West Slopes North,MODERATE
Apr 4 2023,West Slopes Central,MODERATE
Apr 4 2023,East Slopes South,MODERATE
Apr 4 2023,East Slopes Central,MODERATE
Apr 4 2023,Mt Hood,MODERATE
Apr 3 2023,Snoqualmie Pass,MODERATE
Apr 3 2023,East Slopes North,MODERATE
Apr 3 2023,Stevens Pass,MODERATE
Apr 3 2023,West Slopes South,MODERATE
Apr 3 2023,Mt Hood,CONSIDERABLE
Apr 3 2023,East Slopes Central,MODERATE
Apr 3 2023,East Slopes South,MODERATE
Apr 3 2023,West Slopes North,MODERATE
Apr 3 2023,West Slopes Central,MODERATE
Apr 2 2023,Snoqualmie Pass,MODERATE
Apr 2 2023,West Slopes South,MODERATE
Apr 2 2023,West Slopes Central,MODERATE
Apr 2 2023,West Slopes North,MODERATE
Apr 2 2023,Stevens Pass,MODERATE
Apr 2 2023,East Slopes South,MODERATE
Apr 2 2023,East Slopes Central,MODERATE
Apr 2 2023,Mt Hood,MODERATE
Apr 2 2023,East Slopes North,MODERATE
Apr 1 2023,West Slopes Central,CONSIDERABLE
Apr 1 2023,East Slopes South,MODERATE
Apr 1 2023,Mt Hood,CONSIDERABLE
Apr 1 2023,Snoqualmie Pass,CONSIDERABLE
Apr 1 2023,West Slopes South,CONSIDERABLE
Apr 1 2023,East Slopes Central,MODERATE
Apr 1 2023,East Slopes North,MODERATE
Apr 1 2023,West Slopes North,CONSIDERABLE
Apr 1 2023,Stevens Pass,MODERATE