Date,Area,Danger Rating
"Apr 16, 2023",Mt Hood,NO RATING
"Apr 16, 2023",East Slopes South,NO RATING
"Apr 16, 2023",East Slopes Central,NO RATING
"Apr 16, 2023",East Slopes North,NO RATING
"Apr 16, 2023",Snoqualmie Pass,NO RATING
"Apr 16, 2023",Stevens Pass,NO RATING
"Apr 16, 2023",West Slopes South,NO RATING
"Apr 16, 2023",West Slopes Central,NO RATING
"Apr 16, 2023",West Slopes North,NO RATING
"Apr 16, 2023",Olympics,NO RATING
"Apr 15, 2023",Stevens Pass,LOW
"Apr 15, 2023",West Slopes North,CONSIDERABLE
"Apr 15, 2023",West Slopes Central,MODERATE
"Apr 15, 2023",East Slopes Central,LOW
"Apr 15, 2023",Snoqualmie Pass,MODERATE
"Apr 15, 2023",West Slopes South,MODERATE
"Apr 15, 2023",East Slopes North,MODERATE
"Apr 15, 2023",East Slopes South,LOW
"Apr 15, 2023",Mt Hood,MODERATE
"Apr 14, 2023",East Slopes Central,LOW
"Apr 14, 2023",Stevens Pass,LOW
"Apr 14, 2023",East Slopes North,LOW
"Apr 14, 2023",East Slopes South,LOW
"Apr 14, 2023",West Slopes North,MODERATE
"Apr 14, 2023",Mt Hood,LOW
"Apr 14, 2023",West Slopes Central,MODERATE
"Apr 14, 2023",Snoqualmie Pass,LOW
"Apr 14, 2023",West Slopes South,LOW
"Apr 13, 2023",West Slopes South,MODERATE
"Apr 13, 2023",East Slopes Central,MODERATE
"Apr 13, 2023",East Slopes South,MODERATE
"Apr 13, 2023",Snoqualmie Pass,MODERATE
"Apr 13, 2023",Mt Hood,MODERATE
"Apr 13, 2023",Stevens Pass,MODERATE
"Apr 13, 2023",East Slopes North,MODERATE
"Apr 13, 2023",West Slopes North,MODERATE
"Apr 13, 2023",West Slopes Central,MODERATE
"Apr 12, 2023",West Slopes Central,MODERATE
"Apr 12, 2023",East Slopes South,MODERATE
"Apr 12, 2023",East Slopes Central,MODERATE
"Apr 12, 2023",Stevens Pass,MODERATE
"Apr 12, 2023",East Slopes North,MODERATE
"Apr 12, 2023",Mt Hood,MODERATE
"Apr 12, 2023",West Slopes South,MODERATE
"Apr 12, 2023",Snoqualmie Pass,MODERATE
"Apr 12, 2023",West Slopes North,MODERATE
"Apr 12, 2023",Mt Hood,CONSIDERABLE
"Apr 11, 2023",East Slopes South,MODERATE
"Apr 11, 2023",East Slopes Central,MODERATE
"Apr 11, 2023",West Slopes Central,MODERATE
"Apr 11, 2023",West Slopes North,MODERATE
"Apr 11, 2023",East Slopes North,MODERATE
"Apr 11, 2023",Mt Hood,MODERATE
"Apr 11, 2023",Snoqualmie Pass,MODERATE
"Apr 11, 2023",West Slopes South,MODERATE
"Apr 11, 2023",Stevens Pass,MODERATE
"Apr 10, 2023",West Slopes South,MODERATE
"Apr 10, 2023",East Slopes North,MODERATE
"Apr 10, 2023",East Slopes Central,MODERATE
"Apr 10, 2023",East Slopes South,MODERATE
"Apr 10, 2023",West Slopes Central,MODERATE
"Apr 10, 2023",West Slopes North,MODERATE
"Apr 10, 2023",Stevens Pass,MODERATE
"Apr 10, 2023",Mt Hood,CONSIDERABLE
"Apr 10, 2023",Snoqualmie Pass,MODERATE
"Apr 9, 2023",Mt Hood,CONSIDERABLE
"Apr 9, 2023",West Slopes Central,CONSIDERABLE
"Apr 9, 2023",West Slopes North,CONSIDERABLE
"Apr 9, 2023",East Slopes Central,CONSIDERABLE
"Apr 9, 2023",East Slopes North,CONSIDERABLE
"Apr 9, 2023",Stevens Pass,CONSIDERABLE
"Apr 9, 2023",Snoqualmie Pass,CONSIDERABLE
"Apr 9, 2023",East Slopes South,CONSIDERABLE
"Apr 9, 2023",West Slopes South,CONSIDERABLE
"Apr 8, 2023",Stevens Pass,CONSIDERABLE
"Apr 8, 2023",East Slopes Central,CONSIDERABLE
"Apr 8, 2023",West Slopes North,HIGH
"Apr 8, 2023",West Slopes Central,HIGH
"Apr 8, 2023",West Slopes South,HIGH
"Apr 8, 2023",Snoqualmie Pass,HIGH
"Apr 8, 2023",East Slopes North,CONSIDERABLE
"Apr 8, 2023",East Slopes South,CONSIDERABLE
"Apr 8, 2023",Mt Hood,CONSIDERABLE
"Apr 7, 2023",Mt Hood,MODERATE
"Apr 7, 2023",East Slopes Central,MODERATE
"Apr 7, 2023",West Slopes North,CONSIDERABLE
"Apr 7, 2023",East Slopes North,MODERATE
"Apr 7, 2023",Stevens Pass,MODERATE
"Apr 7, 2023",West Slopes Central,CONSIDERABLE
"Apr 7, 2023",Snoqualmie Pass,MODERATE
"Apr 7, 2023",West Slopes South,MODERATE
"Apr 7, 2023",East Slopes South,MODERATE
"Apr 7, 2023",West Slopes North,HIGH
"Apr 7, 2023",East Slopes Central,CONSIDERABLE
"Apr 6, 2023",East Slopes Central,CONSIDERABLE
"Apr 6, 2023",Stevens Pass,MODERATE
"Apr 6, 2023",East Slopes North,CONSIDERABLE
"Apr 6, 2023",West Slopes North,CONSIDERABLE
"Apr 6, 2023",Mt Hood,CONSIDERABLE
"Apr 6, 2023",West Slopes Central,CONSIDERABLE
"Apr 6, 2023",Snoqualmie Pass,MODERATE
"Apr 6, 2023",West Slopes South,CONSIDERABLE
"Apr 6, 2023",East Slopes South,CONSIDERABLE
"Apr 6, 2023",Mt Hood,CONSIDERABLE
"Apr 6, 2023",West Slopes North,HIGH
"Apr 5, 2023",East Slopes South,MODERATE
"Apr 5, 2023",East Slopes Central,MODERATE
"Apr 5, 2023",West Slopes North,CONSIDERABLE
"Apr 5, 2023",West Slopes South,CONSIDERABLE
"Apr 5, 2023",West Slopes Central,MODERATE
"Apr 5, 2023",Stevens Pass,MODERATE
"Apr 5, 2023",Mt Hood,MODERATE
"Apr 5, 2023",East Slopes North,MODERATE
"Apr 5, 2023",Snoqualmie Pass,MODERATE
"Apr 4, 2023",East Slopes North,MODERATE
"Apr 4, 2023",Mt Hood,MODERATE
"Apr 4, 2023",East Slopes Central,MODERATE
"Apr 4, 2023",East Slopes South,MODERATE
"Apr 4, 2023",West Slopes Central,MODERATE
"Apr 4, 2023",West Slopes North,MODERATE
"Apr 4, 2023",West Slopes South,MODERATE
"Apr 4, 2023",Snoqualmie Pass,MODERATE
"Apr 4, 2023",Stevens Pass,MODERATE
"Apr 3, 2023",Snoqualmie Pass,MODERATE
"Apr 3, 2023",East Slopes North,MODERATE
"Apr 3, 2023",Stevens Pass,MODERATE
"Apr 3, 2023",West Slopes Central,MODERATE
"Apr 3, 2023",West Slopes North,MODERATE
"Apr 3, 2023",East Slopes South,MODERATE
"Apr 3, 2023",East Slopes Central,MODERATE
"Apr 3, 2023",Mt Hood,CONSIDERABLE
"Apr 3, 2023",West Slopes South,MODERATE
"Apr 2, 2023",West Slopes South,MODERATE
"Apr 2, 2023",Snoqualmie Pass,MODERATE
"Apr 2, 2023",West Slopes Central,MODERATE
"Apr 2, 2023",West Slopes North,MODERATE
"Apr 2, 2023",East Slopes North,MODERATE
"Apr 2, 2023",Mt Hood,CONSIDERABLE
"Apr 2, 2023",East Slopes Central,MODERATE
"Apr 2, 2023",East Slopes South,MODERATE
"Apr 2, 2023",Stevens Pass,MODERATE
"Apr 1, 2023",West Slopes Central,CONSIDERABLE
"Apr 1, 2023",East Slopes South,MODERATE
"Apr 1, 2023",Stevens Pass,MODERATE
"Apr 1, 2023",West Slopes North,CONSIDERABLE
"Apr 1, 2023",East Slopes North,MODERATE
"Apr 1, 2023",East Slopes Central,MODERATE
"Apr 1, 2023",West Slopes South,CONSIDERABLE
"Apr 1, 2023",Snoqualmie Pass,CONSIDERABLE
"Apr 1, 2023",Mt Hood,CONSIDERABLE
"Mar 31, 2023",Stevens Pass,CONSIDERABLE
"Mar 31, 2023",West Slopes Central,CONSIDERABLE
"Mar 31, 2023",West Slopes North,CONSIDERABLE
"Mar 31, 2023",East Slopes Central,CONSIDERABLE
"Mar 31, 2023",East Slopes North,MODERATE
"Mar 31, 2023",Snoqualmie Pass,CONSIDERABLE
"Mar 31, 2023",West Slopes South,CONSIDERABLE
"Mar 31, 2023",East Slopes South,CONSIDERABLE
"Mar 31, 2023",Mt Hood,HIGH
"Mar 30, 2023",Stevens Pass,LOW
"Mar 30, 2023",East Slopes Central,LOW
"Mar 30, 2023",West Slopes North,CONSIDERABLE
"Mar 30, 2023",East Slopes North,LOW
"Mar 30, 2023",West Slopes Central,MODERATE
"Mar 30, 2023",Snoqualmie Pass,MODERATE
"Mar 30, 2023",West Slopes South,MODERATE
"Mar 30, 2023",Mt Hood,MODERATE
"Mar 30, 2023",East Slopes South,MODERATE
"Mar 29, 2023",East Slopes South,MODERATE
"Mar 29, 2023",East Slopes Central,MODERATE
"Mar 29, 2023",Stevens Pass,MODERATE
"Mar 29, 2023",East Slopes North,MODERATE
"Mar 29, 2023",Mt Hood,MODERATE
"Mar 29, 2023",West Slopes North,MODERATE
"Mar 29, 2023",West Slopes Central,MODERATE
"Mar 29, 2023",West Slopes South,MODERATE
"Mar 29, 2023",Snoqualmie Pass,MODERATE
"Mar 28, 2023",East Slopes North,MODERATE
"Mar 28, 2023",Stevens Pass,MODERATE
"Mar 28, 2023",Mt Hood,MODERATE
"Mar 28, 2023",East Slopes Central,MODERATE
"Mar 28, 2023",East Slopes South,MODERATE
"Mar 28, 2023",Snoqualmie Pass,MODERATE
"Mar 28, 2023",West Slopes North,MODERATE
"Mar 28, 2023",West Slopes Central,MODERATE
"Mar 28, 2023",West Slopes South,MODERATE
"Mar 27, 2023",East Slopes North,MODERATE
"Mar 27, 2023",West Slopes North,MODERATE
"Mar 27, 2023",East Slopes Central,MODERATE
"Mar 27, 2023",East Slopes South,MODERATE
"Mar 27, 2023",Snoqualmie Pass,MODERATE
"Mar 27, 2023",West Slopes Central,MODERATE
"Mar 27, 2023",Mt Hood,CONSIDERABLE
"Mar 27, 2023",Stevens Pass,MODERATE
"Mar 27, 2023",West Slopes South,MODERATE
"Mar 26, 2023",East Slopes North,MODERATE
"Mar 26, 2023",Olympics,NO RATING
"Mar 26, 2023",East Slopes South,MODERATE
"Mar 26, 2023",East Slopes Central,LOW
"Mar 26, 2023",Mt Hood,MODERATE
"Mar 26, 2023",Stevens Pass,MODERATE
"Mar 26, 2023",West Slopes North,MODERATE
"Mar 26, 2023",West Slopes Central,MODERATE
"Mar 26, 2023",Snoqualmie Pass,MODERATE
"Mar 26, 2023",West Slopes South,MODERATE
"Mar 25, 2023",West Slopes Central,MODERATE
"Mar 25, 2023",West Slopes North,MODERATE
"Mar 25, 2023",East Slopes South,MODERATE
"Mar 25, 2023",Stevens Pass,MODERATE
"Mar 25, 2023",Olympics,MODERATE
"Mar 25, 2023",West Slopes South,MODERATE
"Mar 25, 2023",Snoqualmie Pass,MODERATE
"Mar 25, 2023",East Slopes North,MODERATE
"Mar 25, 2023",East Slopes Central,MODERATE
"Mar 25, 2023",Mt Hood,CONSIDERABLE
"Mar 24, 2023",Olympics,MODERATE
"Mar 24, 2023",West Slopes Central,CONSIDERABLE
"Mar 24, 2023",West Slopes North,CONSIDERABLE
"Mar 24, 2023",Stevens Pass,CONSIDERABLE
"Mar 24, 2023",Snoqualmie Pass,CONSIDERABLE
"Mar 24, 2023",West Slopes South,CONSIDERABLE
"Mar 24, 2023",East Slopes North,MODERATE
"Mar 24, 2023",East Slopes Central,MODERATE
"Mar 24, 2023",Mt Hood,CONSIDERABLE
"Mar 24, 2023",East Slopes South,MODERATE
"Mar 23, 2023",East Slopes South,MODERATE
"Mar 23, 2023",East Slopes Central,MODERATE
"Mar 23, 2023",West Slopes Central,CONSIDERABLE
"Mar 23, 2023",West Slopes North,CONSIDERABLE
"Mar 23, 2023",Stevens Pass,MODERATE
"Mar 23, 2023",East Slopes North,MODERATE
"Mar 23, 2023",Snoqualmie Pass,CONSIDERABLE
"Mar 23, 2023",West Slopes South,CONSIDERABLE
"Mar 23, 2023",Mt Hood,HIGH
"Mar 22, 2023",Olympics,NO RATING
"Mar 22, 2023",East Slopes Central,LOW
"Mar 22, 2023",West Slopes North,MODERATE
"Mar 22, 2023",Stevens Pass,MODERATE
"Mar 22, 2023",West Slopes Central,MODERATE
"Mar 22, 2023",East Slopes North,LOW
"Mar 22, 2023",Snoqualmie Pass,MODERATE
"Mar 22, 2023",Mt Hood,CONSIDERABLE
"Mar 22, 2023",West Slopes South,MODERATE
"Mar 22, 2023",East Slopes South,LOW
"Mar 21, 2023",East Slopes North,MODERATE
"Mar 21, 2023",East Slopes Central,MODERATE
"Mar 21, 2023",Olympics,NO RATING
"Mar 21, 2023",Mt Hood,MODERATE
"Mar 21, 2023",East Slopes South,LOW
"Mar 21, 2023",Stevens Pass,MODERATE
"Mar 21, 2023",West Slopes North,MODERATE
"Mar 21, 2023",West Slopes Central,MODERATE
"Mar 21, 2023",Snoqualmie Pass,MODERATE
"Mar 21, 2023",West Slopes South,MODERATE
"Mar 20, 2023",West Slopes South,MODERATE
"Mar 20, 2023",West Slopes North,MODERATE
"Mar 20, 2023",Olympics,NO RATING
"Mar 20, 2023",Mt Hood,CONSIDERABLE
"Mar 20, 2023",East Slopes South,LOW
"Mar 20, 2023",East Slopes North,MODERATE
"Mar 20, 2023",Stevens Pass,MODERATE
"Mar 20, 2023",West Slopes Central,MODERATE
"Mar 20, 2023",East Slopes Central,MODERATE
"Mar 20, 2023",Snoqualmie Pass,MODERATE
"Mar 19, 2023",West Slopes North,MODERATE
"Mar 19, 2023",Mt Hood,MODERATE
"Mar 19, 2023",Olympics,NO RATING
"Mar 19, 2023",East Slopes North,LOW
"Mar 19, 2023",East Slopes Central,MODERATE
"Mar 19, 2023",East Slopes South,MODERATE
"Mar 19, 2023",West Slopes South,MODERATE
"Mar 19, 2023",Snoqualmie Pass,MODERATE
"Mar 19, 2023",West Slopes Central,MODERATE
"Mar 19, 2023",Stevens Pass,MODERATE
"Mar 18, 2023",Olympics,MODERATE
"Mar 18, 2023",West Slopes North,MODERATE
"Mar 18, 2023",East Slopes North,MODERATE
"Mar 18, 2023",East Slopes South,MODERATE
"Mar 18, 2023",East Slopes Central,MODERATE
"Mar 18, 2023",Mt Hood,MODERATE
"Mar 18, 2023",West Slopes Central,MODERATE
"Mar 18, 2023",West Slopes South,MODERATE
"Mar 18, 2023",Snoqualmie Pass,MODERATE
"Mar 18, 2023",Stevens Pass,MODERATE
"Mar 17, 2023",Snoqualmie Pass,CONSIDERABLE
"Mar 17, 2023",West Slopes South,CONSIDERABLE
"Mar 17, 2023",West Slopes Central,MODERATE
"Mar 17, 2023",East Slopes Central,MODERATE
"Mar 17, 2023",East Slopes South,MODERATE
"Mar 17, 2023",Olympics,MODERATE
"Mar 17, 2023",Stevens Pass,CONSIDERABLE
"Mar 17, 2023",West Slopes North,MODERATE
"Mar 17, 2023",Mt Hood,MODERATE
"Mar 17, 2023",East Slopes North,CONSIDERABLE
"Mar 16, 2023",Mt Hood,MODERATE
"Mar 16, 2023",East Slopes South,MODERATE
"Mar 16, 2023",Stevens Pass,MODERATE
"Mar 16, 2023",West Slopes North,MODERATE
"Mar 16, 2023",West Slopes Central,MODERATE
"Mar 16, 2023",East Slopes North,MODERATE
"Mar 16, 2023",Olympics,MODERATE
"Mar 16, 2023",Snoqualmie Pass,MODERATE
"Mar 16, 2023",West Slopes South,MODERATE
"Mar 16, 2023",East Slopes Central,MODERATE
"Mar 15, 2023",West Slopes South,MODERATE
"Mar 15, 2023",Snoqualmie Pass,MODERATE
"Mar 15, 2023",West Slopes Central,MODERATE
"Mar 15, 2023",East Slopes South,MODERATE
"Mar 15, 2023",West Slopes North,MODERATE
"Mar 15, 2023",Mt Hood,MODERATE
"Mar 15, 2023",Stevens Pass,MODERATE
"Mar 15, 2023",East Slopes North,MODERATE
"Mar 15, 2023",East Slopes Central,MODERATE
"Mar 15, 2023",East Slopes Central,MODERATE
"Mar 15, 2023",Olympics,NO RATING
"Mar 15, 2023",Mt Hood,CONSIDERABLE
"Mar 14, 2023",Stevens Pass,MODERATE
"Mar 14, 2023",East Slopes North,MODERATE
"Mar 14, 2023",West Slopes North,MODERATE
"Mar 14, 2023",West Slopes Central,MODERATE
"Mar 14, 2023",West Slopes South,MODERATE
"Mar 14, 2023",East Slopes Central,MODERATE
"Mar 14, 2023",Snoqualmie Pass,MODERATE
"Mar 14, 2023",Mt Hood,MODERATE
"Mar 14, 2023",Olympics,NO RATING
"Mar 14, 2023",East Slopes South,MODERATE
"Mar 13, 2023",East Slopes South,CONSIDERABLE
"Mar 13, 2023",Olympics,NO RATING
"Mar 13, 2023",Stevens Pass,CONSIDERABLE
"Mar 13, 2023",West Slopes North,CONSIDERABLE
"Mar 13, 2023",East Slopes North,CONSIDERABLE
"Mar 13, 2023",West Slopes Central,CONSIDERABLE
"Mar 13, 2023",Snoqualmie Pass,CONSIDERABLE
"Mar 13, 2023",West Slopes South,CONSIDERABLE
"Mar 13, 2023",East Slopes Central,CONSIDERABLE
"Mar 13, 2023",Mt Hood,CONSIDERABLE
"Mar 12, 2023",East Slopes Central,CONSIDERABLE
"Mar 12, 2023",East Slopes South,CONSIDERABLE
"Mar 12, 2023",Stevens Pass,CONSIDERABLE
"Mar 12, 2023",Snoqualmie Pass,CONSIDERABLE
"Mar 12, 2023",Olympics,NO RATING
"Mar 12, 2023",West Slopes South,CONSIDERABLE
"Mar 12, 2023",East Slopes North,CONSIDERABLE
"Mar 12, 2023",West Slopes Central,CONSIDERABLE
"Mar 12, 2023",West Slopes North,HIGH
"Mar 12, 2023",Mt Hood,CONSIDERABLE
"Mar 12, 2023",West Slopes North,CONSIDERABLE
"Mar 11, 2023",East Slopes North,MODERATE
"Mar 11, 2023",Stevens Pass,CONSIDERABLE
"Mar 11, 2023",East Slopes Central,CONSIDERABLE
"Mar 11, 2023",East Slopes South,MODERATE
"Mar 11, 2023",Olympics,MODERATE
"Mar 11, 2023",Mt Hood,CONSIDERABLE
"Mar 11, 2023",West Slopes North,CONSIDERABLE
"Mar 11, 2023",Snoqualmie Pass,MODERATE
"Mar 11, 2023",West Slopes South,CONSIDERABLE
"Mar 11, 2023",West Slopes Central,CONSIDERABLE
"Mar 11, 2023",West Slopes Central,CONSIDERABLE
"Mar 11, 2023",West Slopes North,CONSIDERABLE
"Mar 10, 2023",East Slopes North,CONSIDERABLE
"Mar 10, 2023",Stevens Pass,MODERATE
"Mar 10, 2023",West Slopes South,CONSIDERABLE
"Mar 10, 2023",West Slopes Central,MODERATE
"Mar 10, 2023",West Slopes North,MODERATE
"Mar 10, 2023",East Slopes Central,CONSIDERABLE
"Mar 10, 2023",East Slopes South,CONSIDERABLE
"Mar 10, 2023",Olympics,MODERATE
"Mar 10, 2023",Mt Hood,CONSIDERABLE
"Mar 10, 2023",Snoqualmie Pass,MODERATE
"Mar 9, 2023",Mt Hood,HIGH
"Mar 9, 2023",East Slopes South,CONSIDERABLE
"Mar 9, 2023",East Slopes North,MODERATE
"Mar 9, 2023",East Slopes Central,CONSIDERABLE
"Mar 9, 2023",Olympics,MODERATE
"Mar 9, 2023",West Slopes Central,MODERATE
"Mar 9, 2023",West Slopes North,MODERATE
"Mar 9, 2023",Stevens Pass,MODERATE
"Mar 9, 2023",West Slopes South,CONSIDERABLE
"Mar 9, 2023",Snoqualmie Pass,MODERATE
"Mar 8, 2023",Mt Hood,CONSIDERABLE
"Mar 8, 2023",East Slopes South,MODERATE
"Mar 8, 2023",West Slopes Central,MODERATE
"Mar 8, 2023",West Slopes North,LOW
"Mar 8, 2023",East Slopes Central,MODERATE
"Mar 8, 2023",Snoqualmie Pass,MODERATE
"Mar 8, 2023",West Slopes South,MODERATE
"Mar 8, 2023",Olympics,NO RATING
"Mar 8, 2023",East Slopes North,MODERATE
"Mar 8, 2023",Stevens Pass,MODERATE
"Mar 7, 2023",Mt Hood,MODERATE
"Mar 7, 2023",Stevens Pass,MODERATE
"Mar 7, 2023",West Slopes North,MODERATE
"Mar 7, 2023",West Slopes Central,MODERATE
"Mar 7, 2023",East Slopes Central,MODERATE
"Mar 7, 2023",Olympics,NO RATING
"Mar 7, 2023",East Slopes North,MODERATE
"Mar 7, 2023",Snoqualmie Pass,MODERATE
"Mar 7, 2023",West Slopes South,MODERATE
"Mar 7, 2023",East Slopes South,MODERATE
"Mar 6, 2023",Mt Hood,MODERATE
"Mar 6, 2023",East Slopes South,MODERATE
"Mar 6, 2023",Stevens Pass,MODERATE
"Mar 6, 2023",East Slopes Central,MODERATE
"Mar 6, 2023",West Slopes North,MODERATE
"Mar 6, 2023",East Slopes North,MODERATE
"Mar 6, 2023",West Slopes Central,MODERATE
"Mar 6, 2023",Snoqualmie Pass,MODERATE
"Mar 6, 2023",West Slopes South,MODERATE
"Mar 6, 2023",Olympics,NO RATING
"Mar 5, 2023",East Slopes North,MODERATE
"Mar 5, 2023",East Slopes South,MODERATE
"Mar 5, 2023",Olympics,NO RATING
"Mar 5, 2023",Stevens Pass,MODERATE
"Mar 5, 2023",West Slopes North,MODERATE
"Mar 5, 2023",East Slopes Central,MODERATE
"Mar 5, 2023",West Slopes Central,MODERATE
"Mar 5, 2023",Snoqualmie Pass,MODERATE
"Mar 5, 2023",West Slopes South,MODERATE
"Mar 5, 2023",Mt Hood,MODERATE
"Mar 4, 2023",West Slopes North,CONSIDERABLE
"Mar 4, 2023",West Slopes Central,CONSIDERABLE
"Mar 4, 2023",West Slopes Central,CONSIDERABLE
"Mar 4, 2023",Snoqualmie Pass,CONSIDERABLE
"Mar 4, 2023",Olympics,CONSIDERABLE
"Mar 4, 2023",Mt Hood,MODERATE
"Mar 4, 2023",East Slopes South,MODERATE
"Mar 4, 2023",East Slopes North,CONSIDERABLE
"Mar 4, 2023",Stevens Pass,CONSIDERABLE
"Mar 4, 2023",West Slopes South,CONSIDERABLE
"Mar 4, 2023",East Slopes Central,CONSIDERABLE
"Mar 4, 2023",West Slopes North,CONSIDERABLE
"Mar 4, 2023",Mt Hood,MODERATE
"Mar 3, 2023",East Slopes North,CONSIDERABLE
"Mar 3, 2023",West Slopes South,CONSIDERABLE
"Mar 3, 2023",Stevens Pass,CONSIDERABLE
"Mar 3, 2023",East Slopes Central,CONSIDERABLE
"Mar 3, 2023",East Slopes South,CONSIDERABLE
"Mar 3, 2023",Olympics,CONSIDERABLE
"Mar 3, 2023",Mt Hood,CONSIDERABLE
"Mar 3, 2023",West Slopes North,CONSIDERABLE
"Mar 3, 2023",West Slopes Central,CONSIDERABLE
"Mar 3, 2023",Snoqualmie Pass,CONSIDERABLE
"Mar 2, 2023",East Slopes North,CONSIDERABLE
"Mar 2, 2023",Stevens Pass,CONSIDERABLE
"Mar 2, 2023",West Slopes Central,CONSIDERABLE
"Mar 2, 2023",West Slopes North,CONSIDERABLE
"Mar 2, 2023",Mt Hood,CONSIDERABLE
"Mar 2, 2023",Olympics,CONSIDERABLE
"Mar 2, 2023",East Slopes Central,CONSIDERABLE
"Mar 2, 2023",East Slopes South,CONSIDERABLE
"Mar 2, 2023",West Slopes South,CONSIDERABLE
"Mar 2, 2023",Snoqualmie Pass,CONSIDERABLE
"Mar 1, 2023",East Slopes South,CONSIDERABLE
"Mar 1, 2023",East Slopes North,CONSIDERABLE
"Mar 1, 2023",East Slopes Central,CONSIDERABLE
"Mar 1, 2023",Mt Hood,CONSIDERABLE
"Mar 1, 2023",West Slopes Central,CONSIDERABLE
"Mar 1, 2023",West Slopes North,CONSIDERABLE
"Mar 1, 2023",Stevens Pass,CONSIDERABLE
"Mar 1, 2023",Snoqualmie Pass,CONSIDERABLE
"Mar 1, 2023",West Slopes South,CONSIDERABLE
"Mar 1, 2023",Olympics,NO RATING
"Feb 28, 2023",Mt Hood,CONSIDERABLE
"Feb 28, 2023",West Slopes North,MODERATE
"Feb 28, 2023",East Slopes Central,MODERATE
"Feb 28, 2023",West Slopes Central,MODERATE
"Feb 28, 2023",Olympics,NO RATING
"Feb 28, 2023",Stevens Pass,MODERATE
"Feb 28, 2023",Snoqualmie Pass,MODERATE
"Feb 28, 2023",West Slopes South,MODERATE
"Feb 28, 2023",East Slopes North,MODERATE
"Feb 28, 2023",East Slopes South,MODERATE
"Feb 28, 2023",West Slopes North,CONSIDERABLE
"Feb 27, 2023",Mt Hood,CONSIDERABLE
"Feb 27, 2023",West Slopes Central,MODERATE
"Feb 27, 2023",West Slopes North,MODERATE
"Feb 27, 2023",Stevens Pass,MODERATE
"Feb 27, 2023",East Slopes North,MODERATE
"Feb 27, 2023",East Slopes Central,CONSIDERABLE
"Feb 27, 2023",West Slopes South,MODERATE
"Feb 27, 2023",Snoqualmie Pass,MODERATE
"Feb 27, 2023",East Slopes South,CONSIDERABLE
"Feb 26, 2023",Mt Hood,CONSIDERABLE
"Feb 26, 2023",East Slopes South,CONSIDERABLE
"Feb 26, 2023",East Slopes Central,CONSIDERABLE
"Feb 26, 2023",West Slopes North,CONSIDERABLE
"Feb 26, 2023",East Slopes North,CONSIDERABLE
"Feb 26, 2023",Stevens Pass,CONSIDERABLE
"Feb 26, 2023",West Slopes Central,CONSIDERABLE
"Feb 26, 2023",Snoqualmie Pass,CONSIDERABLE
"Feb 26, 2023",West Slopes South,CONSIDERABLE
"Feb 26, 2023",Olympics,NO RATING
"Feb 25, 2023",East Slopes Central,CONSIDERABLE
"Feb 25, 2023",East Slopes North,CONSIDERABLE
"Feb 25, 2023",West Slopes South,CONSIDERABLE
"Feb 25, 2023",West Slopes North,CONSIDERABLE
"Feb 25, 2023",Mt Hood,CONSIDERABLE
"Feb 25, 2023",Olympics,CONSIDERABLE
"Feb 25, 2023",East Slopes South,CONSIDERABLE
"Feb 25, 2023",West Slopes Central,CONSIDERABLE
"Feb 25, 2023",Stevens Pass,CONSIDERABLE
"Feb 25, 2023",Snoqualmie Pass,CONSIDERABLE
"Feb 24, 2023",East Slopes North,MODERATE
"Feb 24, 2023",West Slopes South,MODERATE
"Feb 24, 2023",West Slopes North,MODERATE
"Feb 24, 2023",East Slopes Central,MODERATE
"Feb 24, 2023",Snoqualmie Pass,MODERATE
"Feb 24, 2023",Mt Hood,MODERATE
"Feb 24, 2023",Olympics,MODERATE
"Feb 24, 2023",East Slopes South,MODERATE
"Feb 24, 2023",Stevens Pass,MODERATE
"Feb 24, 2023",West Slopes Central,MODERATE
"Feb 23, 2023",East Slopes Central,CONSIDERABLE
"Feb 23, 2023",East Slopes South,MODERATE
"Feb 23, 2023",Snoqualmie Pass,CONSIDERABLE
"Feb 23, 2023",West Slopes South,MODERATE
"Feb 23, 2023",West Slopes North,MODERATE
"Feb 23, 2023",West Slopes Central,MODERATE
"Feb 23, 2023",Stevens Pass,MODERATE
"Feb 23, 2023",East Slopes North,MODERATE
"Feb 23, 2023",Olympics,MODERATE
"Feb 23, 2023",Mt Hood,CONSIDERABLE
"Feb 22, 2023",West Slopes South,CONSIDERABLE
"Feb 22, 2023",Stevens Pass,CONSIDERABLE
"Feb 22, 2023",Snoqualmie Pass,CONSIDERABLE
"Feb 22, 2023",East Slopes North,CONSIDERABLE
"Feb 22, 2023",West Slopes North,CONSIDERABLE
"Feb 22, 2023",West Slopes Central,CONSIDERABLE
"Feb 22, 2023",East Slopes Central,CONSIDERABLE
"Feb 22, 2023",East Slopes South,CONSIDERABLE
"Feb 22, 2023",Olympics,NO RATING
"Feb 22, 2023",Mt Hood,CONSIDERABLE
"Feb 22, 2023",East Slopes Central,CONSIDERABLE
"Feb 21, 2023",West Slopes North,CONSIDERABLE
"Feb 21, 2023",East Slopes North,CONSIDERABLE
"Feb 21, 2023",West Slopes Central,CONSIDERABLE
"Feb 21, 2023",West Slopes South,CONSIDERABLE
"Feb 21, 2023",Mt Hood,CONSIDERABLE
"Feb 21, 2023",Stevens Pass,CONSIDERABLE
"Feb 21, 2023",Olympics,NO RATING
"Feb 21, 2023",East Slopes Central,CONSIDERABLE
"Feb 21, 2023",Snoqualmie Pass,CONSIDERABLE
"Feb 21, 2023",East Slopes South,CONSIDERABLE
"Feb 21, 2023",East Slopes Central,CONSIDERABLE
"Feb 20, 2023",East Slopes Central,HIGH
"Feb 20, 2023",East Slopes South,CONSIDERABLE
"Feb 20, 2023",West Slopes North,CONSIDERABLE
"Feb 20, 2023",West Slopes Central,HIGH
"Feb 20, 2023",Stevens Pass,HIGH
"Feb 20, 2023",East Slopes North,CONSIDERABLE
"Feb 20, 2023",Olympics,NO RATING
"Feb 20, 2023",Snoqualmie Pass,CONSIDERABLE
"Feb 20, 2023",West Slopes South,CONSIDERABLE
"Feb 20, 2023",Mt Hood,HIGH
"Feb 20, 2023",Olympics,MODERATE
"Feb 19, 2023",East Slopes North,CONSIDERABLE
"Feb 19, 2023",East Slopes South,CONSIDERABLE
"Feb 19, 2023",Stevens Pass,HIGH
"Feb 19, 2023",West Slopes Central,HIGH
"Feb 19, 2023",Olympics,MODERATE
"Feb 19, 2023",East Slopes Central,HIGH
"Feb 19, 2023",West Slopes North,HIGH
"Feb 19, 2023",Snoqualmie Pass,HIGH
"Feb 19, 2023",West Slopes South,CONSIDERABLE
"Feb 19, 2023",Mt Hood,CONSIDERABLE
"Feb 18, 2023",West Slopes Central,CONSIDERABLE
"Feb 18, 2023",East Slopes North,MODERATE
"Feb 18, 2023",Stevens Pass,CONSIDERABLE
"Feb 18, 2023",West Slopes North,CONSIDERABLE
"Feb 18, 2023",East Slopes Central,MODERATE
"Feb 18, 2023",Olympics,MODERATE
"Feb 18, 2023",Mt Hood,MODERATE
"Feb 18, 2023",Snoqualmie Pass,MODERATE
"Feb 18, 2023",West Slopes South,MODERATE
"Feb 18, 2023",East Slopes South,MODERATE
"Feb 17, 2023",East Slopes South,LOW
"Feb 17, 2023",West Slopes North,MODERATE
"Feb 17, 2023",Stevens Pass,MODERATE
"Feb 17, 2023",Mt Hood,LOW
"Feb 17, 2023",Olympics,MODERATE
"Feb 17, 2023",West Slopes South,MODERATE
"Feb 17, 2023",Snoqualmie Pass,MODERATE
"Feb 17, 2023",West Slopes Central,MODERATE
"Feb 17, 2023",East Slopes North,MODERATE
"Feb 17, 2023",East Slopes Central,MODERATE
"Feb 16, 2023",Mt Hood,MODERATE
"Feb 16, 2023",Olympics,MODERATE
"Feb 16, 2023",West Slopes North,MODERATE
"Feb 16, 2023",East Slopes North,LOW
"Feb 16, 2023",East Slopes South,LOW
"Feb 16, 2023",East Slopes Central,MODERATE
"Feb 16, 2023",West Slopes Central,MODERATE
"Feb 16, 2023",Snoqualmie Pass,MODERATE
"Feb 16, 2023",West Slopes South,MODERATE
"Feb 16, 2023",Stevens Pass,MODERATE
"Feb 15, 2023",Snoqualmie Pass,MODERATE
"Feb 15, 2023",West Slopes North,MODERATE
"Feb 15, 2023",Olympics,NO RATING
"Feb 15, 2023",East Slopes Central,MODERATE
"Feb 15, 2023",East Slopes South,LOW
"Feb 15, 2023",Mt Hood,MODERATE
"Feb 15, 2023",Stevens Pass,MODERATE
"Feb 15, 2023",West Slopes South,MODERATE
"Feb 15, 2023",West Slopes Central,MODERATE
"Feb 15, 2023",East Slopes North,LOW
"Feb 14, 2023",West Slopes North,MODERATE
"Feb 14, 2023",Stevens Pass,MODERATE
"Feb 14, 2023",East Slopes South,MODERATE
"Feb 14, 2023",East Slopes Central,MODERATE
"Feb 14, 2023",Mt Hood,MODERATE
"Feb 14, 2023",East Slopes North,MODERATE
"Feb 14, 2023",West Slopes South,MODERATE
"Feb 14, 2023",Snoqualmie Pass,MODERATE
"Feb 14, 2023",West Slopes Central,MODERATE
"Feb 14, 2023",Mt Hood,CONSIDERABLE
"Feb 13, 2023",East Slopes Central,MODERATE
"Feb 13, 2023",Olympics,NO RATING
"Feb 13, 2023",East Slopes South,MODERATE
"Feb 13, 2023",West Slopes Central,CONSIDERABLE
"Feb 13, 2023",West Slopes North,CONSIDERABLE
"Feb 13, 2023",Stevens Pass,CONSIDERABLE
"Feb 13, 2023",Mt Hood,CONSIDERABLE
"Feb 13, 2023",West Slopes South,CONSIDERABLE
"Feb 13, 2023",Snoqualmie Pass,CONSIDERABLE
"Feb 13, 2023",East Slopes North,MODERATE
"Feb 13, 2023",Stevens Pass,CONSIDERABLE
"Feb 12, 2023",East Slopes Central,CONSIDERABLE
"Feb 12, 2023",East Slopes South,CONSIDERABLE
"Feb 12, 2023",Stevens Pass,HIGH
"Feb 12, 2023",West Slopes North,CONSIDERABLE
"Feb 12, 2023",West Slopes Central,CONSIDERABLE
"Feb 12, 2023",Snoqualmie Pass,CONSIDERABLE
"Feb 12, 2023",West Slopes South,CONSIDERABLE
"Feb 12, 2023",East Slopes North,MODERATE
"Feb 12, 2023",Mt Hood,CONSIDERABLE
"Feb 11, 2023",West Slopes North,MODERATE
"Feb 11, 2023",East Slopes Central,MODERATE
"Feb 11, 2023",Mt Hood,MODERATE
"Feb 11, 2023",West Slopes South,MODERATE
"Feb 11, 2023",Stevens Pass,MODERATE
"Feb 11, 2023",West Slopes Central,MODERATE
"Feb 11, 2023",West Slopes North,MODERATE
"Feb 11, 2023",East Slopes North,LOW
"Feb 11, 2023",East Slopes South,MODERATE
"Feb 11, 2023",Olympics,MODERATE
"Feb 11, 2023",Snoqualmie Pass,MODERATE
"Feb 10, 2023",East Slopes South,MODERATE
"Feb 10, 2023",West Slopes North,MODERATE
"Feb 10, 2023",West Slopes Central,MODERATE
"Feb 10, 2023",Stevens Pass,MODERATE
"Feb 10, 2023",East Slopes Central,MODERATE
"Feb 10, 2023",East Slopes North,MODERATE
"Feb 10, 2023",Mt Hood,MODERATE
"Feb 10, 2023",Snoqualmie Pass,MODERATE
"Feb 10, 2023",West Slopes South,MODERATE
"Feb 10, 2023",Olympics,MODERATE
"Feb 9, 2023",West Slopes South,MODERATE
"Feb 9, 2023",Stevens Pass,MODERATE
"Feb 9, 2023",West Slopes Central,MODERATE
"Feb 9, 2023",East Slopes North,MODERATE
"Feb 9, 2023",West Slopes North,CONSIDERABLE
"Feb 9, 2023",East Slopes Central,CONSIDERABLE
"Feb 9, 2023",Mt Hood,MODERATE
"Feb 9, 2023",East Slopes South,MODERATE
"Feb 9, 2023",Olympics,MODERATE
"Feb 9, 2023",Snoqualmie Pass,MODERATE
"Feb 8, 2023",West Slopes Central,CONSIDERABLE
"Feb 8, 2023",East Slopes North,CONSIDERABLE
"Feb 8, 2023",West Slopes North,CONSIDERABLE
"Feb 8, 2023",West Slopes South,MODERATE
"Feb 8, 2023",Olympics,NO RATING
"Feb 8, 2023",Mt Hood,MODERATE
"Feb 8, 2023",Snoqualmie Pass,CONSIDERABLE
"Feb 8, 2023",East Slopes South,MODERATE
"Feb 8, 2023",Stevens Pass,CONSIDERABLE
"Feb 8, 2023",East Slopes Central,CONSIDERABLE
"Feb 8, 2023",East Slopes South,CONSIDERABLE
"Feb 8, 2023",Mt Hood,CONSIDERABLE
"Feb 7, 2023",West Slopes North,CONSIDERABLE
"Feb 7, 2023",East Slopes Central,CONSIDERABLE
"Feb 7, 2023",Olympics,NO RATING
"Feb 7, 2023",Mt Hood,CONSIDERABLE
"Feb 7, 2023",East Slopes North,CONSIDERABLE
"Feb 7, 2023",East Slopes South,MODERATE
"Feb 7, 2023",West Slopes Central,CONSIDERABLE
"Feb 7, 2023",Stevens Pass,HIGH
"Feb 7, 2023",Snoqualmie Pass,CONSIDERABLE
"Feb 7, 2023",West Slopes South,CONSIDERABLE
"Feb 6, 2023",East Slopes North,HIGH
"Feb 6, 2023",East Slopes South,CONSIDERABLE
"Feb 6, 2023",West Slopes Central,HIGH
"Feb 6, 2023",West Slopes North,HIGH
"Feb 6, 2023",East Slopes Central,HIGH
"Feb 6, 2023",Olympics,NO RATING
"Feb 6, 2023",Mt Hood,CONSIDERABLE
"Feb 6, 2023",Stevens Pass,HIGH
"Feb 6, 2023",Snoqualmie Pass,HIGH
"Feb 6, 2023",West Slopes South,CONSIDERABLE
"Feb 5, 2023",East Slopes North,MODERATE
"Feb 5, 2023",West Slopes Central,CONSIDERABLE
"Feb 5, 2023",West Slopes North,CONSIDERABLE
"Feb 5, 2023",Stevens Pass,CONSIDERABLE
"Feb 5, 2023",East Slopes South,MODERATE
"Feb 5, 2023",East Slopes Central,MODERATE
"Feb 5, 2023",Olympics,NO RATING
"Feb 5, 2023",Mt Hood,CONSIDERABLE
"Feb 5, 2023",West Slopes South,CONSIDERABLE
"Feb 5, 2023",Snoqualmie Pass,CONSIDERABLE
"Feb 4, 2023",West Slopes Central,MODERATE
"Feb 4, 2023",Mt Hood,CONSIDERABLE
"Feb 4, 2023",West Slopes North,MODERATE
"Feb 4, 2023",East Slopes Central,MODERATE
"Feb 4, 2023",Olympics,MODERATE
"Feb 4, 2023",Stevens Pass,MODERATE
"Feb 4, 2023",Snoqualmie Pass,MODERATE
"Feb 4, 2023",West Slopes South,MODERATE
"Feb 4, 2023",East Slopes North,MODERATE
"Feb 4, 2023",East Slopes South,MODERATE
"Feb 4, 2023",West Slopes South,MODERATE
"Feb 3, 2023",East Slopes North,MODERATE
"Feb 3, 2023",Mt Hood,CONSIDERABLE
"Feb 3, 2023",Stevens Pass,MODERATE
"Feb 3, 2023",West Slopes North,CONSIDERABLE
"Feb 3, 2023",West Slopes Central,CONSIDERABLE
"Feb 3, 2023",East Slopes Central,MODERATE
"Feb 3, 2023",Olympics,MODERATE
"Feb 3, 2023",Snoqualmie Pass,MODERATE
"Feb 3, 2023",East Slopes South,MODERATE
"Feb 3, 2023",West Slopes South,CONSIDERABLE
"Feb 2, 2023",Olympics,MODERATE
"Feb 2, 2023",Stevens Pass,LOW
"Feb 2, 2023",East Slopes Central,LOW
"Feb 2, 2023",West Slopes North,MODERATE
"Feb 2, 2023",West Slopes Central,MODERATE
"Feb 2, 2023",East Slopes North,LOW
"Feb 2, 2023",Mt Hood,MODERATE
"Feb 2, 2023",Snoqualmie Pass,LOW
"Feb 2, 2023",West Slopes South,MODERATE
"Feb 2, 2023",East Slopes South,LOW
"Feb 1, 2023",Mt Hood,LOW
"Feb 1, 2023",East Slopes North,LOW
"Feb 1, 2023",Stevens Pass,LOW
"Feb 1, 2023",East Slopes Central,LOW
"Feb 1, 2023",West Slopes North,MODERATE
"Feb 1, 2023",East Slopes South,LOW
"Feb 1, 2023",Snoqualmie Pass,LOW
"Feb 1, 2023",West Slopes Central,LOW
"Feb 1, 2023",West Slopes South,LOW
"Jan 31, 2023",East Slopes Central,LOW
"Jan 31, 2023",East Slopes South,LOW
"Jan 31, 2023",Snoqualmie Pass,LOW
"Jan 31, 2023",Olympics,NO RATING
"Jan 31, 2023",Mt Hood,MODERATE
"Jan 31, 2023",Stevens Pass,LOW
"Jan 31, 2023",East Slopes North,LOW
"Jan 31, 2023",West Slopes North,MODERATE
"Jan 31, 2023",West Slopes Central,MODERATE
"Jan 31, 2023",West Slopes South,MODERATE
"Jan 30, 2023",West Slopes South,MODERATE
"Jan 30, 2023",East Slopes South,LOW
"Jan 30, 2023",East Slopes Central,LOW
"Jan 30, 2023",West Slopes North,LOW
"Jan 30, 2023",Mt Hood,MODERATE
"Jan 30, 2023",Olympics,NO RATING
"Jan 30, 2023",West Slopes Central,LOW
"Jan 30, 2023",East Slopes North,LOW
"Jan 30, 2023",Stevens Pass,LOW
"Jan 30, 2023",Snoqualmie Pass,LOW
"Jan 30, 2023",West Slopes South,MODERATE
"Jan 29, 2023",East Slopes Central,MODERATE
"Jan 29, 2023",East Slopes South,MODERATE
"Jan 29, 2023",East Slopes North,MODERATE
"Jan 29, 2023",Olympics,NO RATING
"Jan 29, 2023",West Slopes Central,LOW
"Jan 29, 2023",West Slopes North,LOW
"Jan 29, 2023",Stevens Pass,LOW
"Jan 29, 2023",Mt Hood,MODERATE
"Jan 29, 2023",West Slopes South,MODERATE
"Jan 29, 2023",Snoqualmie Pass,LOW
"Jan 28, 2023",Mt Hood,CONSIDERABLE
"Jan 28, 2023",Stevens Pass,MODERATE
"Jan 28, 2023",East Slopes South,MODERATE
"Jan 28, 2023",East Slopes Central,MODERATE
"Jan 28, 2023",West Slopes Central,MODERATE
"Jan 28, 2023",East Slopes North,MODERATE
"Jan 28, 2023",West Slopes North,MODERATE
"Jan 28, 2023",West Slopes South,MODERATE
"Jan 28, 2023",Snoqualmie Pass,MODERATE
"Jan 28, 2023",Olympics,MODERATE
"Jan 27, 2023",Mt Hood,MODERATE
"Jan 27, 2023",Stevens Pass,MODERATE
"Jan 27, 2023",West Slopes Central,MODERATE
"Jan 27, 2023",West Slopes North,MODERATE
"Jan 27, 2023",East Slopes Central,MODERATE
"Jan 27, 2023",Snoqualmie Pass,MODERATE
"Jan 27, 2023",West Slopes South,MODERATE
"Jan 27, 2023",East Slopes North,MODERATE
"Jan 27, 2023",East Slopes South,MODERATE
"Jan 27, 2023",Olympics,MODERATE
"Jan 26, 2023",Olympics,MODERATE
"Jan 26, 2023",West Slopes Central,MODERATE
"Jan 26, 2023",West Slopes North,MODERATE
"Jan 26, 2023",Stevens Pass,MODERATE
"Jan 26, 2023",East Slopes North,MODERATE
"Jan 26, 2023",East Slopes Central,MODERATE
"Jan 26, 2023",West Slopes South,MODERATE
"Jan 26, 2023",Snoqualmie Pass,MODERATE
"Jan 26, 2023",Mt Hood,CONSIDERABLE
"Jan 26, 2023",East Slopes South,MODERATE
"Jan 25, 2023",Stevens Pass,MODERATE
"Jan 25, 2023",East Slopes South,LOW
"Jan 25, 2023",Olympics,NO RATING
"Jan 25, 2023",East Slopes Central,LOW
"Jan 25, 2023",Stevens Pass,LOW
"Jan 25, 2023",West Slopes North,MODERATE
"Jan 25, 2023",East Slopes North,MODERATE
"Jan 25, 2023",West Slopes Central,MODERATE
"Jan 25, 2023",Snoqualmie Pass,LOW
"Jan 25, 2023",Mt Hood,LOW
"Jan 25, 2023",West Slopes South,LOW
"Jan 24, 2023",Olympics,NO RATING
"Jan 24, 2023",Mt Hood,MODERATE
"Jan 24, 2023",East Slopes Central,MODERATE
"Jan 24, 2023",East Slopes North,MODERATE
"Jan 24, 2023",Stevens Pass,MODERATE
"Jan 24, 2023",East Slopes South,MODERATE
"Jan 24, 2023",West Slopes North,MODERATE
"Jan 24, 2023",West Slopes Central,MODERATE
"Jan 24, 2023",Snoqualmie Pass,MODERATE
"Jan 24, 2023",West Slopes South,MODERATE
"Jan 23, 2023",Stevens Pass,MODERATE
"Jan 23, 2023",East Slopes North,MODERATE
"Jan 23, 2023",Olympics,NO RATING
"Jan 23, 2023",Mt Hood,MODERATE
"Jan 23, 2023",East Slopes Central,MODERATE
"Jan 23, 2023",West Slopes South,MODERATE
"Jan 23, 2023",Snoqualmie Pass,MODERATE
"Jan 23, 2023",East Slopes South,MODERATE
"Jan 23, 2023",West Slopes North,MODERATE
"Jan 23, 2023",West Slopes Central,MODERATE
"Jan 22, 2023",Stevens Pass,MODERATE
"Jan 22, 2023",East Slopes Central,MODERATE
"Jan 22, 2023",Snoqualmie Pass,MODERATE
"Jan 22, 2023",East Slopes South,MODERATE
"Jan 22, 2023",West Slopes South,MODERATE
"Jan 22, 2023",West Slopes North,MODERATE
"Jan 22, 2023",Mt Hood,MODERATE
"Jan 22, 2023",Olympics,NO RATING
"Jan 22, 2023",East Slopes North,MODERATE
"Jan 22, 2023",West Slopes Central,MODERATE
"Jan 21, 2023",East Slopes Central,CONSIDERABLE
"Jan 21, 2023",Mt Hood,CONSIDERABLE
"Jan 21, 2023",East Slopes North,MODERATE
"Jan 21, 2023",Stevens Pass,CONSIDERABLE
"Jan 21, 2023",East Slopes South,MODERATE
"Jan 21, 2023",West Slopes Central,MODERATE
"Jan 21, 2023",West Slopes North,MODERATE
"Jan 21, 2023",Snoqualmie Pass,CONSIDERABLE
"Jan 21, 2023",West Slopes South,CONSIDERABLE
"Jan 21, 2023",Olympics,MODERATE
"Jan 20, 2023",East Slopes South,MODERATE
"Jan 20, 2023",Mt Hood,MODERATE
"Jan 20, 2023",West Slopes Central,MODERATE
"Jan 20, 2023",East Slopes Central,MODERATE
"Jan 20, 2023",West Slopes North,CONSIDERABLE
"Jan 20, 2023",Stevens Pass,MODERATE
"Jan 20, 2023",Olympics,MODERATE
"Jan 20, 2023",East Slopes North,MODERATE
"Jan 20, 2023",Snoqualmie Pass,MODERATE
"Jan 20, 2023",West Slopes South,MODERATE
"Jan 19, 2023",East Slopes North,MODERATE
"Jan 19, 2023",West Slopes North,MODERATE
"Jan 19, 2023",West Slopes Central,MODERATE
"Jan 19, 2023",Stevens Pass,MODERATE
"Jan 19, 2023",East Slopes Central,MODERATE
"Jan 19, 2023",Olympics,MODERATE
"Jan 19, 2023",West Slopes South,MODERATE
"Jan 19, 2023",Snoqualmie Pass,MODERATE
"Jan 19, 2023",Mt Hood,MODERATE
"Jan 19, 2023",East Slopes South,MODERATE
"Jan 19, 2023",Snoqualmie Pass,CONSIDERABLE
"Jan 18, 2023",Mt Hood,CONSIDERABLE
"Jan 18, 2023",East Slopes North,MODERATE
"Jan 18, 2023",Olympics,NO RATING
"Jan 18, 2023",West Slopes Central,MODERATE
"Jan 18, 2023",Stevens Pass,MODERATE
"Jan 18, 2023",East Slopes Central,MODERATE
"Jan 18, 2023",West Slopes North,CONSIDERABLE
"Jan 18, 2023",West Slopes South,MODERATE
"Jan 18, 2023",Snoqualmie Pass,MODERATE
"Jan 18, 2023",East Slopes South,MODERATE
"Jan 17, 2023",East Slopes North,MODERATE
"Jan 17, 2023",Snoqualmie Pass,MODERATE
"Jan 17, 2023",Olympics,NO RATING
"Jan 17, 2023",East Slopes Central,MODERATE
"Jan 17, 2023",West Slopes North,CONSIDERABLE
"Jan 17, 2023",West Slopes Central,CONSIDERABLE
"Jan 17, 2023",Stevens Pass,MODERATE
"Jan 17, 2023",Mt Hood,CONSIDERABLE
"Jan 17, 2023",East Slopes South,MODERATE
"Jan 17, 2023",West Slopes South,MODERATE
"Jan 16, 2023",East Slopes North,MODERATE
"Jan 16, 2023",East Slopes Central,MODERATE
"Jan 16, 2023",Olympics,NO RATING
"Jan 16, 2023",East Slopes South,MODERATE
"Jan 16, 2023",Mt Hood,MODERATE
"Jan 16, 2023",Stevens Pass,MODERATE
"Jan 16, 2023",West Slopes North,MODERATE
"Jan 16, 2023",West Slopes Central,MODERATE
"Jan 16, 2023",Snoqualmie Pass,MODERATE
"Jan 16, 2023",West Slopes South,MODERATE
"Jan 15, 2023",Olympics,MODERATE
"Jan 15, 2023",Mt Hood,CONSIDERABLE
"Jan 15, 2023",East Slopes Central,MODERATE
"Jan 15, 2023",East Slopes South,MODERATE
"Jan 15, 2023",West Slopes North,CONSIDERABLE
"Jan 15, 2023",Stevens Pass,MODERATE
"Jan 15, 2023",East Slopes North,MODERATE
"Jan 15, 2023",West Slopes Central,CONSIDERABLE
"Jan 15, 2023",Snoqualmie Pass,MODERATE
"Jan 15, 2023",West Slopes South,MODERATE
"Jan 14, 2023",East Slopes South,MODERATE
"Jan 14, 2023",East Slopes North,MODERATE
"Jan 14, 2023",Snoqualmie Pass,MODERATE
"Jan 14, 2023",East Slopes Central,MODERATE
"Jan 14, 2023",Stevens Pass,MODERATE
"Jan 14, 2023",Mt Hood,MODERATE
"Jan 14, 2023",Olympics,MODERATE
"Jan 14, 2023",West Slopes North,MODERATE
"Jan 14, 2023",West Slopes South,MODERATE
"Jan 14, 2023",West Slopes Central,MODERATE
"Jan 13, 2023",Mt Hood,CONSIDERABLE
"Jan 13, 2023",East Slopes North,CONSIDERABLE
"Jan 13, 2023",West Slopes North,CONSIDERABLE
"Jan 13, 2023",Snoqualmie Pass,CONSIDERABLE
"Jan 13, 2023",East Slopes Central,CONSIDERABLE
"Jan 13, 2023",East Slopes South,CONSIDERABLE
"Jan 13, 2023",Stevens Pass,CONSIDERABLE
"Jan 13, 2023",Olympics,MODERATE
"Jan 13, 2023",West Slopes Central,CONSIDERABLE
"Jan 13, 2023",West Slopes South,CONSIDERABLE
"Jan 12, 2023",Mt Hood,CONSIDERABLE
"Jan 12, 2023",East Slopes North,HIGH
"Jan 12, 2023",Stevens Pass,HIGH
"Jan 12, 2023",West Slopes North,HIGH
"Jan 12, 2023",West Slopes Central,HIGH
"Jan 12, 2023",East Slopes Central,HIGH
"Jan 12, 2023",East Slopes South,CONSIDERABLE
"Jan 12, 2023",Olympics,CONSIDERABLE
"Jan 12, 2023",Snoqualmie Pass,CONSIDERABLE
"Jan 12, 2023",West Slopes South,CONSIDERABLE
"Jan 11, 2023",East Slopes Central,HIGH
"Jan 11, 2023",Mt Hood,HIGH
"Jan 11, 2023",West Slopes Central,HIGH
"Jan 11, 2023",East Slopes South,HIGH
"Jan 11, 2023",West Slopes North,HIGH
"Jan 11, 2023",Stevens Pass,HIGH
"Jan 11, 2023",Olympics,NO RATING
"Jan 11, 2023",East Slopes North,CONSIDERABLE
"Jan 11, 2023",West Slopes South,HIGH
"Jan 11, 2023",Snoqualmie Pass,HIGH
"Jan 11, 2023",Mt Hood,HIGH
"Jan 11, 2023",East Slopes North,MODERATE
"Jan 10, 2023",East Slopes Central,CONSIDERABLE
"Jan 10, 2023",East Slopes Central,CONSIDERABLE
"Jan 10, 2023",West Slopes Central,MODERATE
"Jan 10, 2023",West Slopes North,MODERATE
"Jan 10, 2023",East Slopes North,MODERATE
"Jan 10, 2023",Stevens Pass,MODERATE
"Jan 10, 2023",Snoqualmie Pass,MODERATE
"Jan 10, 2023",Olympics,NO RATING
"Jan 10, 2023",Mt Hood,MODERATE
"Jan 10, 2023",West Slopes South,MODERATE
"Jan 10, 2023",East Slopes South,MODERATE
"Jan 9, 2023",East Slopes North,MODERATE
"Jan 9, 2023",Stevens Pass,MODERATE
"Jan 9, 2023",East Slopes Central,CONSIDERABLE
"Jan 9, 2023",West Slopes Central,MODERATE
"Jan 9, 2023",West Slopes North,CONSIDERABLE
"Jan 9, 2023",Olympics,NO RATING
"Jan 9, 2023",Snoqualmie Pass,MODERATE
"Jan 9, 2023",Mt Hood,CONSIDERABLE
"Jan 9, 2023",West Slopes South,MODERATE
"Jan 9, 2023",East Slopes South,CONSIDERABLE
"Jan 8, 2023",Mt Hood,CONSIDERABLE
"Jan 8, 2023",Stevens Pass,MODERATE
"Jan 8, 2023",East Slopes Central,CONSIDERABLE
"Jan 8, 2023",West Slopes North,CONSIDERABLE
"Jan 8, 2023",West Slopes Central,CONSIDERABLE
"Jan 8, 2023",East Slopes North,MODERATE
"Jan 8, 2023",Olympics,NO RATING
"Jan 8, 2023",Snoqualmie Pass,MODERATE
"Jan 8, 2023",West Slopes South,CONSIDERABLE
"Jan 8, 2023",East Slopes South,CONSIDERABLE
"Jan 8, 2023",West Slopes North,MODERATE
"Jan 8, 2023",West Slopes Central,MODERATE
"Jan 7, 2023",East Slopes Central,MODERATE
"Jan 7, 2023",East Slopes North,MODERATE
"Jan 7, 2023",Stevens Pass,MODERATE
"Jan 7, 2023",Snoqualmie Pass,MODERATE
"Jan 7, 2023",East Slopes South,MODERATE
"Jan 7, 2023",West Slopes South,MODERATE
"Jan 7, 2023",Olympics,MODERATE
"Jan 7, 2023",Mt Hood,CONSIDERABLE
"Jan 7, 2023",West Slopes North,MODERATE
"Jan 7, 2023",West Slopes Central,MODERATE
"Jan 6, 2023",Stevens Pass,MODERATE
"Jan 6, 2023",East Slopes South,MODERATE
"Jan 6, 2023",Olympics,MODERATE
"Jan 6, 2023",Mt Hood,CONSIDERABLE
"Jan 6, 2023",Snoqualmie Pass,MODERATE
"Jan 6, 2023",West Slopes South,MODERATE
"Jan 6, 2023",East Slopes Central,CONSIDERABLE
"Jan 6, 2023",West Slopes North,MODERATE
"Jan 6, 2023",East Slopes North,MODERATE
"Jan 6, 2023",West Slopes Central,MODERATE
"Jan 5, 2023",East Slopes South,MODERATE
"Jan 5, 2023",Mt Hood,CONSIDERABLE
"Jan 5, 2023",West Slopes North,CONSIDERABLE
"Jan 5, 2023",West Slopes Central,MODERATE
"Jan 5, 2023",East Slopes Central,MODERATE
"Jan 5, 2023",Stevens Pass,MODERATE
"Jan 5, 2023",Mt Hood,CONSIDERABLE
"Jan 5, 2023",Olympics,MODERATE
"Jan 5, 2023",East Slopes North,MODERATE
"Jan 5, 2023",West Slopes South,MODERATE
"Jan 5, 2023",Snoqualmie Pass,MODERATE
"Jan 4, 2023",West Slopes Central,MODERATE
"Jan 4, 2023",East Slopes South,CONSIDERABLE
"Jan 4, 2023",Stevens Pass,MODERATE
"Jan 4, 2023",East Slopes North,MODERATE
"Jan 4, 2023",East Slopes Central,MODERATE
"Jan 4, 2023",West Slopes South,MODERATE
"Jan 4, 2023",West Slopes North,CONSIDERABLE
"Jan 4, 2023",Mt Hood,CONSIDERABLE
"Jan 4, 2023",Olympics,NO RATING
"Jan 4, 2023",Snoqualmie Pass,MODERATE
"Jan 4, 2023",Mt Hood,MODERATE
"Jan 3, 2023",East Slopes South,MODERATE
"Jan 3, 2023",East Slopes North,MODERATE
"Jan 3, 2023",West Slopes Central,MODERATE
"Jan 3, 2023",West Slopes North,MODERATE
"Jan 3, 2023",Stevens Pass,MODERATE
"Jan 3, 2023",East Slopes Central,MODERATE
"Jan 3, 2023",West Slopes South,MODERATE
"Jan 3, 2023",Snoqualmie Pass,MODERATE
"Jan 2, 2023",East Slopes North,MODERATE
"Jan 2, 2023",East Slopes South,LOW
"Jan 2, 2023",West Slopes Central,MODERATE
"Jan 2, 2023",Stevens Pass,LOW
"Jan 2, 2023",Olympics,NO RATING
"Jan 2, 2023",West Slopes North,MODERATE
"Jan 2, 2023",East Slopes Central,LOW
"Jan 2, 2023",West Slopes South,MODERATE
"Jan 2, 2023",Snoqualmie Pass,LOW
"Jan 2, 2023",Mt Hood,MODERATE
"Jan 1, 2023",East Slopes North,MODERATE
"Jan 1, 2023",Stevens Pass,MODERATE
"Jan 1, 2023",Olympics,MODERATE
"Jan 1, 2023",West Slopes North,MODERATE
"Jan 1, 2023",East Slopes Central,MODERATE
"Jan 1, 2023",West Slopes South,MODERATE
"Jan 1, 2023",West Slopes Central,MODERATE
"Jan 1, 2023",Snoqualmie Pass,MODERATE
"Jan 1, 2023",Mt Hood,MODERATE
"Jan 1, 2023",East Slopes South,MODERATE
"Dec 31, 2022",Mt Hood,MODERATE
"Dec 31, 2022",East Slopes South,MODERATE
"Dec 31, 2022",East Slopes Central,MODERATE
"Dec 31, 2022",West Slopes North,CONSIDERABLE
"Dec 31, 2022",Stevens Pass,MODERATE
"Dec 31, 2022",Olympics,MODERATE
"Dec 31, 2022",West Slopes Central,MODERATE
"Dec 31, 2022",Snoqualmie Pass,MODERATE
"Dec 31, 2022",West Slopes South,MODERATE
"Dec 31, 2022",East Slopes North,MODERATE
"Dec 31, 2022",Mt Hood,MODERATE
"Dec 30, 2022",Olympics,CONSIDERABLE
"Dec 30, 2022",East Slopes North,MODERATE
"Dec 30, 2022",Stevens Pass,MODERATE
"Dec 30, 2022",East Slopes Central,MODERATE
"Dec 30, 2022",East Slopes South,MODERATE
"Dec 30, 2022",Mt Hood,CONSIDERABLE
"Dec 30, 2022",West Slopes North,CONSIDERABLE
"Dec 30, 2022",West Slopes Central,CONSIDERABLE
"Dec 30, 2022",West Slopes South,CONSIDERABLE
"Dec 30, 2022",Snoqualmie Pass,MODERATE
"Dec 29, 2022",East Slopes North,CONSIDERABLE
"Dec 29, 2022",East Slopes Central,CONSIDERABLE
"Dec 29, 2022",East Slopes South,CONSIDERABLE
"Dec 29, 2022",West Slopes North,CONSIDERABLE
"Dec 29, 2022",Stevens Pass,CONSIDERABLE
"Dec 29, 2022",Olympics,MODERATE
"Dec 29, 2022",Mt Hood,CONSIDERABLE
"Dec 29, 2022",West Slopes Central,CONSIDERABLE
"Dec 29, 2022",West Slopes South,CONSIDERABLE
"Dec 29, 2022",Snoqualmie Pass,CONSIDERABLE
"Dec 28, 2022",East Slopes North,MODERATE
"Dec 28, 2022",West Slopes Central,MODERATE
"Dec 28, 2022",West Slopes North,MODERATE
"Dec 28, 2022",East Slopes South,MODERATE
"Dec 28, 2022",East Slopes Central,MODERATE
"Dec 28, 2022",Stevens Pass,MODERATE
"Dec 28, 2022",Mt Hood,MODERATE
"Dec 28, 2022",West Slopes South,MODERATE
"Dec 28, 2022",Snoqualmie Pass,MODERATE
"Dec 28, 2022",Olympics,MODERATE
"Dec 27, 2022",Mt Hood,CONSIDERABLE
"Dec 27, 2022",West Slopes Central,CONSIDERABLE
"Dec 27, 2022",West Slopes North,CONSIDERABLE
"Dec 27, 2022",East Slopes Central,CONSIDERABLE
"Dec 27, 2022",East Slopes South,CONSIDERABLE
"Dec 27, 2022",Stevens Pass,CONSIDERABLE
"Dec 27, 2022",East Slopes North,MODERATE
"Dec 27, 2022",Olympics,MODERATE
"Dec 27, 2022",West Slopes South,CONSIDERABLE
"Dec 27, 2022",Snoqualmie Pass,CONSIDERABLE
"Dec 26, 2022",Mt Hood,CONSIDERABLE
"Dec 26, 2022",East Slopes South,CONSIDERABLE
"Dec 26, 2022",West Slopes South,CONSIDERABLE
"Dec 26, 2022",West Slopes Central,CONSIDERABLE
"Dec 26, 2022",West Slopes North,CONSIDERABLE
"Dec 26, 2022",East Slopes North,CONSIDERABLE
"Dec 26, 2022",East Slopes Central,CONSIDERABLE
"Dec 26, 2022",Stevens Pass,CONSIDERABLE
"Dec 26, 2022",Olympics,MODERATE
"Dec 26, 2022",Snoqualmie Pass,CONSIDERABLE
"Dec 25, 2022",Stevens Pass,CONSIDERABLE
"Dec 25, 2022",East Slopes Central,CONSIDERABLE
"Dec 25, 2022",East Slopes North,CONSIDERABLE
"Dec 25, 2022",West Slopes North,CONSIDERABLE
"Dec 25, 2022",Mt Hood,CONSIDERABLE
"Dec 25, 2022",Olympics,CONSIDERABLE
"Dec 25, 2022",West Slopes Central,CONSIDERABLE
"Dec 25, 2022",East Slopes South,CONSIDERABLE
"Dec 25, 2022",West Slopes South,CONSIDERABLE
"Dec 25, 2022",Snoqualmie Pass,CONSIDERABLE
"Dec 24, 2022",East Slopes North,CONSIDERABLE
"Dec 24, 2022",Stevens Pass,CONSIDERABLE
"Dec 24, 2022",East Slopes Central,CONSIDERABLE
"Dec 24, 2022",West Slopes North,CONSIDERABLE
"Dec 24, 2022",West Slopes Central,CONSIDERABLE
"Dec 24, 2022",Olympics,CONSIDERABLE
"Dec 24, 2022",Snoqualmie Pass,CONSIDERABLE
"Dec 24, 2022",Mt Hood,CONSIDERABLE
"Dec 24, 2022",West Slopes South,CONSIDERABLE
"Dec 24, 2022",East Slopes South,CONSIDERABLE
"Dec 23, 2022",East Slopes Central,HIGH
"Dec 23, 2022",East Slopes North,HIGH
"Dec 23, 2022",Mt Hood,HIGH
"Dec 23, 2022",West Slopes North,HIGH
"Dec 23, 2022",Stevens Pass,HIGH
"Dec 23, 2022",Olympics,HIGH
"Dec 23, 2022",West Slopes Central,HIGH
"Dec 23, 2022",East Slopes South,HIGH
"Dec 23, 2022",Snoqualmie Pass,HIGH
"Dec 23, 2022",West Slopes South,HIGH
"Dec 23, 2022",West Slopes North,CONSIDERABLE
"Dec 23, 2022",West Slopes Central,CONSIDERABLE
"Dec 22, 2022",East Slopes Central,CONSIDERABLE
"Dec 22, 2022",Stevens Pass,CONSIDERABLE
"Dec 22, 2022",Mt Hood,HIGH
"Dec 22, 2022",Snoqualmie Pass,CONSIDERABLE
"Dec 22, 2022",East Slopes North,CONSIDERABLE
"Dec 22, 2022",Olympics,CONSIDERABLE
"Dec 22, 2022",East Slopes South,CONSIDERABLE
"Dec 22, 2022",West Slopes South,CONSIDERABLE
"Dec 21, 2022",West Slopes South,CONSIDERABLE
"Dec 21, 2022",West Slopes Central,CONSIDERABLE
"Dec 21, 2022",Snoqualmie Pass,CONSIDERABLE
"Dec 21, 2022",West Slopes North,MODERATE
"Dec 21, 2022",East Slopes Central,CONSIDERABLE
"Dec 21, 2022",East Slopes South,MODERATE
"Dec 21, 2022",Mt Hood,CONSIDERABLE
"Dec 21, 2022",East Slopes North,CONSIDERABLE
"Dec 21, 2022",Stevens Pass,CONSIDERABLE
"Dec 21, 2022",Olympics,NO RATING
"Dec 20, 2022",East Slopes North,CONSIDERABLE
"Dec 20, 2022",East Slopes Central,CONSIDERABLE
"Dec 20, 2022",Stevens Pass,CONSIDERABLE
"Dec 20, 2022",Snoqualmie Pass,CONSIDERABLE
"Dec 20, 2022",West Slopes South,CONSIDERABLE
"Dec 20, 2022",West Slopes Central,CONSIDERABLE
"Dec 20, 2022",West Slopes North,CONSIDERABLE
"Dec 20, 2022",Mt Hood,CONSIDERABLE
"Dec 20, 2022",East Slopes South,CONSIDERABLE
"Dec 20, 2022",East Slopes Central,CONSIDERABLE
"Dec 20, 2022",Mt Hood,CONSIDERABLE
"Dec 20, 2022",Snoqualmie Pass,CONSIDERABLE
"Dec 20, 2022",West Slopes North,CONSIDERABLE
"Dec 20, 2022",West Slopes South,CONSIDERABLE
"Dec 20, 2022",West Slopes Central,CONSIDERABLE
"Dec 19, 2022",East Slopes Central,CONSIDERABLE
"Dec 19, 2022",West Slopes Central,CONSIDERABLE
"Dec 19, 2022",West Slopes North,CONSIDERABLE
"Dec 19, 2022",Stevens Pass,CONSIDERABLE
"Dec 19, 2022",East Slopes North,CONSIDERABLE
"Dec 19, 2022",Snoqualmie Pass,CONSIDERABLE
"Dec 19, 2022",West Slopes South,CONSIDERABLE
"Dec 19, 2022",Mt Hood,CONSIDERABLE
"Dec 19, 2022",East Slopes South,CONSIDERABLE
"Dec 18, 2022",East Slopes North,MODERATE
"Dec 18, 2022",West Slopes Central,MODERATE
"Dec 18, 2022",West Slopes North,MODERATE
"Dec 18, 2022",Stevens Pass,MODERATE
"Dec 18, 2022",Olympics,NO RATING
"Dec 18, 2022",West Slopes South,MODERATE
"Dec 18, 2022",Snoqualmie Pass,MODERATE
"Dec 18, 2022",East Slopes Central,MODERATE
"Dec 18, 2022",Mt Hood,MODERATE
"Dec 18, 2022",East Slopes South,MODERATE
"Dec 17, 2022",East Slopes North,MODERATE
"Dec 17, 2022",Mt Hood,MODERATE
"Dec 17, 2022",West Slopes Central,MODERATE
"Dec 17, 2022",West Slopes North,MODERATE
"Dec 17, 2022",Stevens Pass,MODERATE
"Dec 17, 2022",Olympics,MODERATE
"Dec 17, 2022",East Slopes Central,MODERATE
"Dec 17, 2022",East Slopes South,MODERATE
"Dec 17, 2022",West Slopes South,MODERATE
"Dec 17, 2022",Snoqualmie Pass,MODERATE
"Dec 16, 2022",East Slopes South,MODERATE
"Dec 16, 2022",West Slopes North,MODERATE
"Dec 16, 2022",Olympics,MODERATE
"Dec 16, 2022",East Slopes Central,MODERATE
"Dec 16, 2022",Stevens Pass,MODERATE
"Dec 16, 2022",West Slopes Central,MODERATE
"Dec 16, 2022",Mt Hood,MODERATE
"Dec 16, 2022",East Slopes North,MODERATE
"Dec 16, 2022",West Slopes South,MODERATE
"Dec 16, 2022",Snoqualmie Pass,MODERATE
"Dec 15, 2022",East Slopes North,MODERATE
"Dec 15, 2022",Olympics,MODERATE
"Dec 15, 2022",Stevens Pass,LOW
"Dec 15, 2022",East Slopes South,MODERATE
"Dec 15, 2022",Mt Hood,MODERATE
"Dec 15, 2022",East Slopes Central,MODERATE
"Dec 15, 2022",West Slopes North,MODERATE
"Dec 15, 2022",Snoqualmie Pass,MODERATE
"Dec 15, 2022",West Slopes Central,MODERATE
"Dec 15, 2022",West Slopes South,MODERATE
"Dec 14, 2022",Stevens Pass,LOW
"Dec 14, 2022",West Slopes Central,LOW
"Dec 14, 2022",East Slopes South,MODERATE
"Dec 14, 2022",East Slopes Central,MODERATE
"Dec 14, 2022",West Slopes North,MODERATE
"Dec 14, 2022",East Slopes North,MODERATE
"Dec 14, 2022",Olympics,NO RATING
"Dec 14, 2022",Mt Hood,MODERATE
"Dec 14, 2022",Snoqualmie Pass,MODERATE
"Dec 14, 2022",West Slopes South,MODERATE
"Dec 13, 2022",West Slopes North,LOW
"Dec 13, 2022",East Slopes South,MODERATE
"Dec 13, 2022",East Slopes North,MODERATE
"Dec 13, 2022",East Slopes Central,MODERATE
"Dec 13, 2022",Stevens Pass,LOW
"Dec 13, 2022",Olympics,NO RATING
"Dec 13, 2022",Mt Hood,MODERATE
"Dec 13, 2022",West Slopes Central,LOW
"Dec 13, 2022",West Slopes South,MODERATE
"Dec 13, 2022",Snoqualmie Pass,MODERATE
"Dec 12, 2022",West Slopes North,MODERATE
"Dec 12, 2022",Mt Hood,MODERATE
"Dec 12, 2022",Stevens Pass,MODERATE
"Dec 12, 2022",East Slopes North,MODERATE
"Dec 12, 2022",West Slopes North,MODERATE
"Dec 12, 2022",East Slopes South,MODERATE
"Dec 12, 2022",East Slopes Central,MODERATE
"Dec 12, 2022",Olympics,NO RATING
"Dec 12, 2022",West Slopes South,MODERATE
"Dec 12, 2022",West Slopes Central,MODERATE
"Dec 12, 2022",Snoqualmie Pass,MODERATE
"Dec 11, 2022",Mt Hood,MODERATE
"Dec 11, 2022",East Slopes Central,MODERATE
"Dec 11, 2022",East Slopes North,MODERATE
"Dec 11, 2022",West Slopes Central,MODERATE
"Dec 11, 2022",West Slopes North,MODERATE
"Dec 11, 2022",East Slopes South,MODERATE
"Dec 11, 2022",Stevens Pass,MODERATE
"Dec 11, 2022",Olympics,NO RATING
"Dec 11, 2022",West Slopes South,MODERATE
"Dec 11, 2022",Snoqualmie Pass,MODERATE
"Dec 10, 2022",Mt Hood,CONSIDERABLE
"Dec 10, 2022",Mt Hood,CONSIDERABLE
"Dec 10, 2022",West Slopes Central,CONSIDERABLE
"Dec 10, 2022",West Slopes North,CONSIDERABLE
"Dec 10, 2022",East Slopes Central,CONSIDERABLE
"Dec 10, 2022",Olympics,CONSIDERABLE
"Dec 10, 2022",East Slopes North,CONSIDERABLE
"Dec 10, 2022",Snoqualmie Pass,CONSIDERABLE
"Dec 10, 2022",West Slopes South,CONSIDERABLE
"Dec 10, 2022",East Slopes South,CONSIDERABLE
"Dec 10, 2022",Stevens Pass,CONSIDERABLE
"Dec 10, 2022",Mt Hood,CONSIDERABLE
"Dec 10, 2022",East Slopes South,CONSIDERABLE
"Dec 9, 2022",West Slopes South,HIGH
"Dec 9, 2022",West Slopes Central,CONSIDERABLE
"Dec 9, 2022",Stevens Pass,CONSIDERABLE
"Dec 9, 2022",Snoqualmie Pass,CONSIDERABLE
"Dec 9, 2022",Mt Hood,HIGH
"Dec 9, 2022",West Slopes North,HIGH
"Dec 9, 2022",East Slopes Central,HIGH
"Dec 9, 2022",East Slopes North,CONSIDERABLE
"Dec 9, 2022",East Slopes South,CONSIDERABLE
"Dec 9, 2022",Olympics,CONSIDERABLE
"Dec 9, 2022",Mt Hood,HIGH
"Dec 8, 2022",West Slopes Central,MODERATE
"Dec 8, 2022",Stevens Pass,MODERATE
"Dec 8, 2022",West Slopes North,MODERATE
"Dec 8, 2022",East Slopes North,MODERATE
"Dec 8, 2022",East Slopes Central,MODERATE
"Dec 8, 2022",East Slopes South,MODERATE
"Dec 8, 2022",Olympics,MODERATE
"Dec 8, 2022",Snoqualmie Pass,MODERATE
"Dec 8, 2022",West Slopes South,MODERATE
"Dec 8, 2022",Mt Hood,CONSIDERABLE
"Dec 7, 2022",Mt Hood,CONSIDERABLE
"Dec 7, 2022",East Slopes North,MODERATE
"Dec 7, 2022",Olympics,NO RATING
"Dec 7, 2022",East Slopes Central,MODERATE
"Dec 7, 2022",Stevens Pass,MODERATE
"Dec 7, 2022",West Slopes Central,MODERATE
"Dec 7, 2022",West Slopes North,CONSIDERABLE
"Dec 7, 2022",East Slopes South,MODERATE
"Dec 7, 2022",Snoqualmie Pass,MODERATE
"Dec 7, 2022",West Slopes South,MODERATE
"Dec 7, 2022",Mt Hood,CONSIDERABLE
"Dec 7, 2022",West Slopes South,MODERATE
"Dec 6, 2022",West Slopes Central,MODERATE
"Dec 6, 2022",Stevens Pass,MODERATE
"Dec 6, 2022",Snoqualmie Pass,MODERATE
"Dec 6, 2022",East Slopes Central,MODERATE
"Dec 6, 2022",East Slopes South,LOW
"Dec 6, 2022",Olympics,NO RATING
"Dec 6, 2022",West Slopes South,MODERATE
"Dec 6, 2022",Mt Hood,MODERATE
"Dec 6, 2022",West Slopes North,MODERATE
"Dec 6, 2022",East Slopes North,MODERATE
"Dec 5, 2022",West Slopes North,MODERATE
"Dec 5, 2022",East Slopes South,MODERATE
"Dec 5, 2022",East Slopes Central,CONSIDERABLE
"Dec 5, 2022",Mt Hood,MODERATE
"Dec 5, 2022",West Slopes Central,MODERATE
"Dec 5, 2022",Snoqualmie Pass,MODERATE
"Dec 5, 2022",West Slopes South,MODERATE
"Dec 5, 2022",East Slopes North,MODERATE
"Dec 5, 2022",Olympics,NO RATING
"Dec 5, 2022",Stevens Pass,MODERATE
"Dec 4, 2022",Stevens Pass,MODERATE
"Dec 4, 2022",East Slopes South,MODERATE
"Dec 4, 2022",East Slopes Central,CONSIDERABLE
"Dec 4, 2022",West Slopes Central,MODERATE
"Dec 4, 2022",West Slopes North,MODERATE
"Dec 4, 2022",Olympics,NO RATING
"Dec 4, 2022",Mt Hood,MODERATE
"Dec 4, 2022",Snoqualmie Pass,MODERATE
"Dec 4, 2022",West Slopes South,MODERATE
"Dec 4, 2022",East Slopes North,MODERATE
"Dec 3, 2022",East Slopes North,MODERATE
"Dec 3, 2022",East Slopes Central,CONSIDERABLE
"Dec 3, 2022",West Slopes Central,MODERATE
"Dec 3, 2022",East Slopes South,MODERATE
"Dec 3, 2022",Mt Hood,MODERATE
"Dec 3, 2022",West Slopes North,MODERATE
"Dec 3, 2022",Stevens Pass,MODERATE
"Dec 3, 2022",Snoqualmie Pass,MODERATE
"Dec 3, 2022",West Slopes South,MODERATE
"Dec 3, 2022",Olympics,MODERATE
"Dec 2, 2022",Olympics,CONSIDERABLE
"Dec 2, 2022",East Slopes North,MODERATE
"Dec 2, 2022",Mt Hood,CONSIDERABLE
"Dec 2, 2022",Mt Hood,CONSIDERABLE
"Dec 2, 2022",Mt Hood,CONSIDERABLE
"Dec 2, 2022",Stevens Pass,MODERATE
"Dec 2, 2022",West Slopes Central,MODERATE
"Dec 2, 2022",East Slopes Central,CONSIDERABLE
"Dec 2, 2022",Snoqualmie Pass,MODERATE
"Dec 2, 2022",West Slopes South,MODERATE
"Dec 2, 2022",East Slopes South,MODERATE
"Dec 2, 2022",West Slopes North,CONSIDERABLE
"Dec 1, 2022",East Slopes South,MODERATE
"Dec 1, 2022",Mt Hood,CONSIDERABLE
"Dec 1, 2022",West Slopes North,MODERATE
"Dec 1, 2022",West Slopes Central,MODERATE
"Dec 1, 2022",East Slopes Central,CONSIDERABLE
"Dec 1, 2022",East Slopes North,MODERATE
"Dec 1, 2022",Stevens Pass,MODERATE
"Dec 1, 2022",Snoqualmie Pass,MODERATE
"Dec 1, 2022",West Slopes South,MODERATE
"Nov 30, 2022",Mt Hood,CONSIDERABLE
"Nov 30, 2022",West Slopes Central,MODERATE
"Nov 30, 2022",West Slopes North,MODERATE
"Nov 30, 2022",Stevens Pass,MODERATE
"Nov 30, 2022",East Slopes Central,CONSIDERABLE
"Nov 30, 2022",Olympics,NO RATING
"Nov 30, 2022",East Slopes North,MODERATE
"Nov 30, 2022",Snoqualmie Pass,CONSIDERABLE
"Nov 30, 2022",West Slopes South,CONSIDERABLE
"Nov 30, 2022",East Slopes South,MODERATE
"Nov 30, 2022",Mt Hood,CONSIDERABLE
"Nov 29, 2022",East Slopes Central,CONSIDERABLE
"Nov 29, 2022",West Slopes Central,CONSIDERABLE
"Nov 29, 2022",West Slopes South,CONSIDERABLE
"Nov 29, 2022",East Slopes North,CONSIDERABLE
"Nov 29, 2022",East Slopes South,MODERATE
"Nov 29, 2022",Stevens Pass,CONSIDERABLE
"Nov 29, 2022",West Slopes North,CONSIDERABLE
"Nov 29, 2022",Olympics,NO RATING
"Nov 29, 2022",Snoqualmie Pass,CONSIDERABLE
"Nov 28, 2022",Stevens Pass,MODERATE
"Nov 28, 2022",East Slopes Central,MODERATE
"Nov 28, 2022",East Slopes South,LOW
"Nov 28, 2022",Olympics,NO RATING
"Nov 28, 2022",Mt Hood,CONSIDERABLE
"Nov 28, 2022",East Slopes North,MODERATE
"Nov 28, 2022",West Slopes North,MODERATE
"Nov 28, 2022",West Slopes Central,MODERATE
"Nov 28, 2022",Snoqualmie Pass,MODERATE
"Nov 28, 2022",West Slopes South,MODERATE
"Nov 28, 2022",Stevens Pass,CONSIDERABLE
"Nov 27, 2022",East Slopes North,MODERATE
"Nov 27, 2022",East Slopes Central,MODERATE
"Nov 27, 2022",East Slopes South,MODERATE
"Nov 27, 2022",Mt Hood,CONSIDERABLE
"Nov 27, 2022",West Slopes North,MODERATE
"Nov 27, 2022",West Slopes South,MODERATE
"Nov 27, 2022",Snoqualmie Pass,MODERATE
"Nov 27, 2022",West Slopes Central,MODERATE
"Nov 27, 2022",Olympics,NO RATING
"Nov 27, 2022",Stevens Pass,MODERATE
"Nov 26, 2022",All Zones,
"Nov 26, 2022",West Slopes Central,CONSIDERABLE
"Nov 26, 2022",East Slopes South,MODERATE
"Nov 26, 2022",West Slopes North,CONSIDERABLE
"Nov 26, 2022",Stevens Pass,CONSIDERABLE
"Nov 26, 2022",Olympics,NO RATING
"Nov 26, 2022",Mt Hood,CONSIDERABLE
"Nov 26, 2022",East Slopes Central,CONSIDERABLE
"Nov 26, 2022",West Slopes South,CONSIDERABLE
"Nov 26, 2022",Snoqualmie Pass,CONSIDERABLE
"Nov 26, 2022",East Slopes North,CONSIDERABLE
"Nov 25, 2022",East Slopes North,MODERATE
"Nov 25, 2022",West Slopes Central,MODERATE
"Nov 25, 2022",West Slopes North,CONSIDERABLE
"Nov 25, 2022",Mt Hood,LOW
"Nov 25, 2022",East Slopes Central,MODERATE
"Nov 25, 2022",Stevens Pass,MODERATE
"Nov 25, 2022",Olympics,NO RATING
"Nov 25, 2022",Snoqualmie Pass,MODERATE
"Nov 25, 2022",West Slopes South,LOW
"Nov 25, 2022",East Slopes South,LOW
"Nov 23, 2022",Mt Hood,NO RATING
"Nov 23, 2022",East Slopes South,NO RATING
"Nov 23, 2022",East Slopes Central,NO RATING
"Nov 23, 2022",East Slopes North,NO RATING
"Nov 23, 2022",Snoqualmie Pass,NO RATING
"Nov 23, 2022",Stevens Pass,NO RATING
"Nov 23, 2022",West Slopes South,NO RATING
"Nov 23, 2022",West Slopes Central,NO RATING
"Nov 23, 2022",West Slopes North,NO RATING
"Nov 23, 2022",Olympics,NO RATING
"Nov 21, 2022",Mt Hood,NO RATING
"Nov 21, 2022",East Slopes South,NO RATING
"Nov 21, 2022",East Slopes Central,NO RATING
"Nov 21, 2022",East Slopes North,NO RATING
"Nov 21, 2022",Snoqualmie Pass,NO RATING
"Nov 21, 2022",Stevens Pass,NO RATING
"Nov 21, 2022",West Slopes South,NO RATING
"Nov 21, 2022",West Slopes Central,NO RATING
"Nov 21, 2022",West Slopes North,NO RATING
"Nov 21, 2022",Olympics,NO RATING
"Nov 18, 2022",Mt Hood,NO RATING
"Nov 18, 2022",East Slopes South,NO RATING
"Nov 18, 2022",East Slopes Central,NO RATING
"Nov 18, 2022",East Slopes North,NO RATING
"Nov 18, 2022",Snoqualmie Pass,NO RATING
"Nov 18, 2022",Stevens Pass,NO RATING
"Nov 18, 2022",West Slopes South,NO RATING
"Nov 18, 2022",West Slopes Central,NO RATING
"Nov 18, 2022",West Slopes North,NO RATING
"Nov 18, 2022",Olympics,NO RATING
"Nov 16, 2022",Mt Hood,NO RATING
"Nov 16, 2022",East Slopes South,NO RATING
"Nov 16, 2022",East Slopes Central,NO RATING
"Nov 16, 2022",East Slopes North,NO RATING
"Nov 16, 2022",Snoqualmie Pass,NO RATING
"Nov 16, 2022",Stevens Pass,NO RATING
"Nov 16, 2022",West Slopes South,NO RATING
"Nov 16, 2022",West Slopes Central,NO RATING
"Nov 16, 2022",West Slopes North,NO RATING
"Nov 16, 2022",Olympics,NO RATING
"Nov 4, 2022",Mt Hood,NO RATING
"Nov 4, 2022",East Slopes South,NO RATING
"Nov 4, 2022",East Slopes Central,NO RATING
"Nov 4, 2022",East Slopes North,NO RATING
"Nov 4, 2022",Snoqualmie Pass,NO RATING
"Nov 4, 2022",Stevens Pass,NO RATING
"Nov 4, 2022",West Slopes South,NO RATING
"Nov 4, 2022",West Slopes Central,NO RATING
"Nov 4, 2022",West Slopes North,NO RATING
